,Date,Club Type,Altitude,Club Speed,Ball Speed,Carry Distance,Total Distance,Roll Distance,Smash,Vertical Launch,Peak Height,Descent Angle,Horizontal Launch,Carry Lateral Distance,Total Lateral Distance,Carry Curve Distance,Total Curve Distance,Spin Rate,Spin Axis,Spin Reading,Shot Classification,Club Color
1,2025-03-10 10:17:20,6 Iron,5600.00,76.06,97.98,142.22,160.73,18.49,1.29,17.70,53.18,32.62,-8.20,-17.32,-19.02,2.99,3.94,5292,7.20,Actual,Pull Fade,5.0
2,2025-03-10 10:17:41,6 Iron,5600.00,80.08,101.78,150.24,165.73,15.49,1.27,19.30,66.34,37.35,-3.60,-4.17,-3.81,5.27,6.61,6166,10.70,Actual,Pull Fade,5.0
3,2025-03-10 10:17:59,6 Iron,5600.00,82.77,111.85,178.64,194.61,15.97,1.35,22.20,96.92,42.44,-2.70,-6.45,-6.77,1.97,2.41,5185,3.00,Actual,Pull,5.0
4,2025-03-10 10:18:16,6 Iron,5600.00,81.20,110.73,177.68,195.18,17.50,1.36,18.80,77.13,37.09,-5.90,-18.26,-20.07,0.0,0.00,4695,0.00,Actual,Pull,5.0
5,2025-03-10 10:18:44,6 Iron,5600.00,80.08,101.56,150.84,165.8,14.96,1.27,22.00,78.97,41.61,-2.10,0.05,0.87,5.59,6.96,6639,10.80,Actual,Pull Fade,5.0
6,2025-03-10 10:18:59,6 Iron,5600.00,79.41,93.28,138.43,157.33,18.90,1.17,20.60,57.32,34.07,-4.50,-9.34,-10.32,1.52,2.03,4385,4.00,Actual,Pull,5.0
7,2025-03-10 10:19:14,6 Iron,5600.00,78.96,93.73,137.05,161.29,24.23,1.19,19.50,47.18,28.44,-5.10,-16.51,-20.54,-4.35,-6.23,2923,-16.20,Actual,Pull Hook,5.0
8,2025-03-10 10:19:31,6 Iron,5600.00,82.77,108.27,167.63,182.95,15.32,1.31,19.70,79.4,39.69,-3.70,-4.89,-4.54,5.94,7.27,5732,9.90,Actual,Pull Fade,5.0
9,2025-03-10 10:19:48,6 Iron,5600.00,81.65,106.93,167.91,184.56,16.64,1.31,20.60,79.53,38.73,-4.20,-12.29,-13.52,0.0,0.00,5042,0.00,Actual,Pull,5.0
10,2025-03-10 10:20:05,6 Iron,5600.00,82.32,102.68,157.06,173.68,16.62,1.25,21.20,76.67,39.77,-3.60,-3.52,-2.92,6.34,7.98,5509,11.90,Actual,Pull Fade,5.0
11,2025-03-10 10:20:23,6 Iron,5600.00,80.53,108.94,170.05,187.15,17.10,1.35,18.60,72.87,36.73,-6.00,-16.13,-17.52,1.65,2.06,5119,2.90,Actual,Pull,5.0
12,2025-03-10 10:20:52,7 Iron,5600.00,84.56,110.06,166.52,180.68,14.15,1.3,20.50,88.45,42.98,-5.50,-11.23,-11.60,4.74,5.73,7447,7.50,Actual,Pull Fade,4.0
13,2025-03-10 10:21:11,7 Iron,5600.00,83.44,101.11,150.47,165.54,15.07,1.21,22.50,79.69,41.59,-4.10,-5.51,-5.28,5.25,6.56,6290,10.20,Actual,Pull Fade,4.0
14,2025-03-10 10:21:30,7 Iron,5600.00,83.89,103.35,156.74,172.31,15.57,1.23,20.50,74.87,39.34,-6.50,-16.13,-17.50,1.62,2.02,5842,3.00,Actual,Pull,4.0
15,2025-03-10 10:21:48,7 Iron,5600.00,82.77,101.78,154.62,170.06,15.45,1.23,21.00,74.77,39.49,-6.50,-16.2,-17.63,1.31,1.63,5625,2.50,Actual,Pull,4.0
16,2025-03-10 10:22:07,7 Iron,5600.00,83.44,110.73,168.99,183.78,14.79,1.33,20.10,87.57,42.35,-5.40,-13.32,-14.16,2.59,3.15,6859,4.10,Actual,Pull,4.0
17,2025-03-10 10:22:25,7 Iron,5600.00,82.77,105.36,157.91,172.64,14.74,1.27,19.60,74.8,39.81,-5.10,-10.38,-10.85,3.66,4.52,6641,6.70,Actual,Pull Fade,4.0
18,2025-03-10 10:22:43,7 Iron,5600.00,83.89,108.04,164.23,177.5,13.28,1.29,21.70,90.26,43.51,-4.20,-7.59,-7.68,4.44,5.33,6811,7.30,Actual,Pull Fade,4.0
19,2025-03-10 10:23:04,7 Iron,5600.00,85.00,110.28,168.66,183.4,14.74,1.3,20.90,89.6,42.68,-5.50,-11.92,-12.42,4.25,5.17,6506,6.80,Actual,Pull Fade,4.0
20,2025-03-10 10:23:25,7 Iron,5600.00,84.56,108.04,161.98,177.31,15.33,1.28,17.70,70.05,37.88,-6.10,-16.32,-17.75,0.9,1.10,6565,1.60,Actual,Pull,4.0
21,2025-03-10 10:23:43,7 Iron,5600.00,84.56,106.48,160.59,176.1,15.52,1.26,20.40,80.45,41.07,-6.20,-15.37,-16.57,1.99,2.46,6566,3.50,Actual,Pull,4.0
22,2025-03-10 10:24:02,7 Iron,5600.00,85.00,110.06,167.21,182.11,14.90,1.29,18.90,78.64,39.62,-8.50,-26.73,-29.37,-2.03,-2.48,6319,-3.40,Actual,Pull,4.0
23,2025-03-10 10:24:19,7 Iron,5600.00,81.65,101.56,152.1,165.38,13.28,1.24,24.10,87.57,43.54,-3.30,-4.57,-4.43,4.19,5.10,6213,7.80,Actual,Pull Fade,4.0
24,2025-03-10 10:24:35,7 Iron,5600.00,85.00,106.48,159.7,175.26,15.56,1.25,19.30,76.67,40.41,-5.20,-11.63,-12.35,2.87,3.55,7150,5.00,Actual,Pull,4.0
25,2025-03-10 10:24:54,7 Iron,5600.00,85.67,109.39,165.57,178.15,12.58,1.28,21.50,92.19,44.04,-4.40,-7.78,-7.82,4.93,5.86,7417,7.80,Actual,Pull Fade,4.0
26,2025-03-10 10:25:34,7 Iron,5600.00,85.00,94.18,134.85,149.57,14.71,1.11,21.50,64.17,38.80,-4.40,-7.84,-8.29,2.52,3.19,6617,6.00,Actual,Pull Fade,4.0
27,2025-03-10 10:25:52,7 Iron,5600.00,84.56,108.72,164.91,175.54,10.63,1.29,21.00,88.65,42.96,-5.00,-9.42,-8.03,4.98,7.28,6989,8.10,Actual,Pull Fade,4.0
28,2025-03-10 10:26:31,5 Iron,5600.00,88.36,108.04,167.36,185.65,18.29,1.22,18.70,72.67,37.26,-6.10,-12.23,-12.67,5.58,7.08,5313,9.90,Actual,Pull Fade,6.0
29,2025-03-10 10:26:48,5 Iron,5600.00,87.69,119.9,194.97,212.03,17.07,1.37,17.40,84.06,37.82,-7.00,-19.52,-20.69,4.27,5.17,4967,6.00,Actual,Pull Fade,6.0
30,2025-03-10 10:27:05,5 Iron,5600.00,88.36,116.32,184.3,202.48,18.19,1.32,16.50,72.97,35.48,-7.60,-19.52,-20.73,4.89,6.08,5067,7.70,Actual,Pull Fade,6.0
31,2025-03-10 10:27:24,5 Iron,5600.00,87.24,110.5,176.48,195.68,19.21,1.27,17.90,71.85,35.53,-8.00,-21.5,-23.37,3.08,3.90,4593,5.30,Actual,Pull Fade,6.0
32,2025-03-10 10:27:48,5 Iron,5600.00,87.24,102.45,159.09,182.04,22.97,1.17,18.70,60.73,32.70,-6.40,-13.05,-13.97,4.7,6.35,4082,10.60,Actual,Pull Fade,6.0
33,2025-03-10 10:28:10,5 Iron,5600.00,86.79,117.22,187.14,202.89,15.76,1.35,20.30,98.26,42.60,-5.30,-7.45,-6.87,9.86,11.90,5594,13.60,Actual,Pull Fade,6.0
34,2025-03-10 10:28:29,5 Iron,5600.00,86.79,116.1,179.23,194.59,15.35,1.34,17.30,79.66,38.80,-5.60,-9.42,-9.21,8.09,9.81,6163,12.20,Actual,Pull Fade,6.0
35,2025-03-10 10:28:47,5 Iron,5600.00,87.24,118.11,189.98,205.0,15.02,1.35,20.30,99.11,42.23,-3.70,-6.09,-5.86,6.18,7.38,5372,8.50,Actual,Pull Fade,6.0
36,2025-03-10 10:29:07,5 Iron,5600.00,86.79,117.66,184.68,199.11,14.44,1.36,20.00,96.69,42.38,-4.30,-0.72,0.73,13.12,15.67,6054,18.20,Actual,Pull Slice,6.0
37,2025-03-10 10:29:26,5 Iron,5600.00,89.48,116.77,187.67,203.18,15.52,1.31,19.20,89.47,40.01,-5.60,-12.54,-12.88,5.79,6.97,5214,8.40,Actual,Pull Fade,6.0
38,2025-03-10 10:29:45,5 Iron,5600.00,88.36,115.87,179.3,194.13,14.82,1.31,18.30,84.32,39.94,-3.10,2.89,4.66,12.58,15.15,6205,18.80,Actual,Pull Slice,6.0
39,2025-03-10 10:30:04,5 Iron,5600.00,87.24,113.86,178.77,194.15,15.38,1.31,19.00,85.01,40.17,-5.30,-6.28,-5.52,10.26,12.42,5760,15.40,Actual,Pull Slice,6.0
40,2025-03-10 10:30:24,5 Iron,5600.00,89.92,123.26,199.28,213.71,14.44,1.37,19.20,103.54,42.96,-4.10,-6.88,-6.59,7.38,8.69,5600,9.20,Actual,Pull Fade,6.0
41,2025-03-10 10:30:43,5 Iron,5600.00,87.69,107.15,160.4,179.78,19.38,1.22,16.00,58.79,33.29,-6.10,-7.14,-6.26,9.93,12.87,5639,19.10,Actual,Pull Slice,6.0
42,2025-03-10 10:31:01,5 Iron,5600.00,87.24,117.22,188.28,203.25,14.97,1.34,20.00,95.73,41.73,-4.70,-9.89,-10.02,5.56,6.65,5368,7.80,Actual,Pull Fade,6.0
43,2025-03-10 10:31:20,5 Iron,5600.00,87.69,110.73,177.73,194.56,16.83,1.26,19.20,78.9,37.72,-6.30,-12.75,-13.04,6.78,8.34,4785,11.10,Actual,Pull Fade,6.0
44,2025-03-10 10:31:38,5 Iron,5600.00,86.12,109.39,171.91,187.62,15.72,1.27,20.40,83.23,39.79,-3.70,-2.97,-2.17,8.13,9.95,5292,13.50,Actual,Pull Fade,6.0
45,2025-03-10 10:31:57,5 Iron,5600.00,88.81,119.9,191.42,206.65,15.23,1.35,18.60,93.73,41.37,-1.20,5.72,7.31,9.72,11.63,5717,13.00,Actual,Fade,6.0
46,2025-03-10 10:32:22,PW,5600.00,78.96,79.63,103.55,116.57,13.01,1.01,26.70,57.71,41.12,-2.90,-2.84,-2.76,2.4,3.14,8503,8.40,Actual,Pull Fade,1.0
47,2025-03-10 10:32:38,PW,5600.00,77.17,83.66,111.56,123.23,11.67,1.08,27.80,68.34,43.79,-0.10,1.43,1.84,1.63,2.05,8760,4.90,Actual,Straight,1.0
48,2025-03-10 10:32:59,PW,5600.00,78.96,87.69,119.34,130.07,10.74,1.11,27.70,75.03,44.94,-0.70,0.16,0.39,1.63,1.99,10034,4.30,Actual,Straight,1.0
49,2025-03-10 10:33:17,PW,5600.00,80.53,91.49,126.66,137.18,10.52,1.14,28.00,84.97,46.64,-1.20,-1.92,-2.00,0.73,0.87,9088,1.70,Actual,Straight,1.0
50,2025-03-10 10:33:34,PW,5600.00,77.85,84.33,114.82,125.27,10.44,1.08,31.50,82.32,47.27,-1.20,-1.89,-2.00,0.5,0.62,6925,1.40,Actual,Straight,1.0
51,2025-03-10 10:34:06,8 Iron,5600.00,81.20,85.9,120.14,136.67,16.52,1.06,23.40,58.1,37.92,-5.70,-12.0,-13.67,-0.05,-0.08,5620,-0.20,Actual,Pull,3.0
52,2025-03-10 10:34:25,8 Iron,5600.00,80.08,101.33,150.71,162.72,12.01,1.27,26.60,98.79,46.55,-2.70,-6.11,-6.49,0.98,1.18,6475,1.80,Actual,Pull,3.0
53,2025-03-10 10:34:41,8 Iron,5600.00,80.08,81.42,92.68,114.22,21.53,1.02,14.90,24.54,23.10,4.10,13.2,18.62,6.61,10.52,6138,35.20,Actual,Push Slice,3.0
54,2025-03-10 10:35:00,8 Iron,5600.00,80.08,92.83,140.03,156.44,16.42,1.16,24.80,74.18,40.28,-3.60,-8.79,-9.82,0.0,0.00,4768,0.00,Actual,Pull,3.0
55,2025-03-10 10:35:17,8 Iron,5600.00,82.32,104.02,155.76,167.88,12.12,1.26,25.30,99.44,46.38,-3.30,-8.39,-8.98,0.58,0.69,6838,1.00,Actual,Pull,3.0
56,2025-03-10 10:35:34,8 Iron,5600.00,82.77,106.03,159.69,172.27,12.58,1.28,23.60,96.33,45.49,-6.70,-17.91,-19.25,0.72,0.86,7109,1.20,Actual,Pull,3.0
57,2025-03-10 10:35:52,8 Iron,5600.00,82.77,104.46,156.14,167.67,11.54,1.26,26.60,106.0,47.55,-2.90,-7.84,-8.41,0.05,0.08,6731,0.10,Actual,Pull,3.0
58,2025-03-10 10:36:25,4 Iron,5600.00,87.24,116.99,191.9,209.41,17.51,1.34,18.30,84.68,37.94,-6.50,-17.05,-17.99,4.7,5.74,4627,6.90,Actual,Pull Fade,7.0
59,2025-03-10 10:36:42,4 Iron,5600.00,86.79,121.02,205.03,229.22,24.19,1.39,17.10,78.41,33.97,-7.00,-24.99,-27.94,0.0,0.00,3838,0.00,Actual,Pull,7.0
60,2025-03-10 10:36:59,4 Iron,5600.00,89.48,117.89,186.91,205.0,18.09,1.32,16.80,77.53,36.86,-4.70,-3.99,-2.77,11.33,14.03,5280,17.10,Actual,Pull Slice,7.0
61,2025-03-10 10:37:27,4 Iron,5600.00,88.81,124.37,202.27,220.96,18.70,1.4,16.10,83.23,36.98,-8.10,-19.77,-20.41,8.78,10.79,5034,11.80,Actual,Pull Fade,7.0
62,2025-03-10 10:37:46,4 Iron,5600.00,86.79,120.12,199.54,218.97,19.43,1.38,17.30,82.22,36.46,-7.30,-19.93,-21.11,5.47,6.76,4342,8.00,Actual,Pull Fade,7.0
63,2025-03-10 10:38:05,4 Iron,5600.00,85.67,108.04,170.07,192.15,22.08,1.26,17.20,61.06,31.65,-6.10,-11.11,-11.26,6.99,9.19,4066,14.40,Actual,Pull Fade,7.0
64,2025-03-10 10:38:25,4 Iron,5600.00,88.36,117.22,192.54,215.61,23.06,1.33,16.90,73.65,34.12,-6.20,-17.51,-19.04,3.3,4.27,4138,5.40,Actual,Pull Fade,7.0
65,2025-03-10 10:38:45,4 Iron,5600.00,88.81,113.64,183.72,200.92,17.20,1.28,18.60,80.22,37.50,-5.60,-8.04,-7.46,9.92,12.17,4765,15.50,Actual,Pull Slice,7.0
66,2025-03-10 10:39:02,4 Iron,5600.00,87.69,116.77,182.86,200.58,17.72,1.33,16.00,72.21,35.82,-6.50,-11.83,-11.73,8.9,11.01,5392,13.90,Actual,Pull Fade,7.0
67,2025-03-10 10:39:22,4 Iron,5600.00,87.24,119.23,190.85,207.09,16.24,1.37,18.10,87.83,39.32,-5.30,-6.85,-6.09,10.8,13.06,5348,15.30,Actual,Pull Slice,7.0
68,2025-03-10 10:39:43,4 Iron,5600.00,88.81,116.99,187.98,204.79,16.82,1.32,19.20,88.85,39.41,-3.00,3.06,5.87,12.89,16.58,5156,18.90,Actual,Pull Slice,7.0
69,2025-03-10 10:40:04,4 Iron,5600.00,87.24,114.98,184.69,201.28,16.58,1.32,18.90,83.63,38.37,-4.10,-2.4,-1.19,10.82,13.20,5026,16.50,Actual,Pull Slice,7.0
70,2025-03-10 10:40:22,4 Iron,5600.00,89.92,125.94,207.31,223.51,16.21,1.4,17.50,94.72,39.61,-5.10,-8.42,-7.93,10.03,11.96,5080,12.60,Actual,Pull Fade,7.0
71,2025-03-10 10:41:09,6 Iron,5600.00,78.29,92.16,135.6,158.56,22.97,1.18,20.30,52.62,31.84,-6.30,-11.0,-11.93,3.89,5.50,3963,11.60,Actual,Pull Fade,5.0
72,2025-03-10 10:41:27,6 Iron,5600.00,81.65,108.04,167.41,183.22,15.81,1.32,21.40,87.37,41.70,-1.40,2.72,3.92,6.81,8.39,5788,11.10,Actual,Fade,5.0
73,2025-03-10 10:41:51,6 Iron,5600.00,82.32,107.37,166.89,182.95,16.08,1.3,21.30,85.7,41.31,-2.30,0.33,1.33,7.03,8.68,5604,11.70,Actual,Pull Fade,5.0
74,2025-03-10 10:42:11,6 Iron,5600.00,82.77,113.41,182.62,198.75,16.14,1.37,20.30,89.24,40.08,-1.90,-3.75,-3.78,2.31,2.81,5011,3.50,Actual,Straight,5.0
75,2025-03-10 10:42:28,6 Iron,5600.00,81.20,109.39,172.81,189.04,16.23,1.35,20.80,84.94,39.90,0.20,3.63,4.39,3.02,3.72,5147,5.00,Actual,Straight,5.0
76,2025-03-10 10:42:47,6 Iron,5600.00,84.56,111.18,177.07,193.26,16.19,1.31,20.20,84.61,39.44,-2.20,-1.25,-0.62,5.54,6.79,5078,8.90,Actual,Pull Fade,5.0
77,2025-03-10 10:43:05,6 Iron,5600.00,81.20,103.79,159.54,175.25,15.72,1.28,21.20,78.18,39.68,-2.10,0.14,1.02,5.99,7.44,5400,11.10,Actual,Pull Fade,5.0
78,2025-03-10 10:43:20,6 Iron,5600.00,80.08,109.61,174.56,191.74,17.18,1.37,18.80,75.13,36.92,-3.30,-6.51,-6.65,3.54,4.40,4808,6.00,Actual,Pull Fade,5.0
79,2025-03-10 10:43:45,6 Iron,5600.00,81.20,108.27,172.87,189.44,16.57,1.33,20.20,80.18,38.44,-2.90,-5.92,-6.09,2.83,3.50,4785,4.80,Actual,Pull,5.0
80,2025-03-10 10:44:03,6 Iron,5600.00,80.53,109.83,174.13,191.78,17.65,1.36,18.50,73.95,36.47,-4.30,-13.35,-14.75,-0.3,-0.36,4851,-0.50,Actual,Pull,5.0
81,2025-03-10 10:44:21,6 Iron,5600.00,81.20,109.83,175.31,194.58,19.27,1.35,18.00,71.1,35.37,-4.10,-15.61,-17.80,-3.08,-3.90,4530,-5.40,Actual,Pull Draw,5.0
82,2025-03-10 10:44:39,6 Iron,5600.00,78.96,105.81,167.21,186.14,18.93,1.34,19.50,72.67,36.85,-3.50,-11.8,-13.40,-1.6,-2.03,4703,-2.90,Actual,Pull,5.0
83,2025-03-10 10:45:00,6 Iron,5600.00,81.65,111.18,177.97,194.42,16.44,1.36,19.60,81.79,38.51,-3.60,-9.5,-10.15,1.67,2.06,4922,2.70,Actual,Pull,5.0
84,2025-03-10 10:45:25,6 Iron,5600.00,81.65,110.5,173.4,189.61,16.22,1.35,19.10,78.58,38.32,-3.00,-5.53,-5.57,3.54,4.35,5260,5.90,Actual,Pull Fade,5.0
85,2025-03-10 10:45:44,6 Iron,5600.00,79.41,104.24,164.17,180.82,16.64,1.31,21.10,77.72,38.58,-2.10,-3.01,-2.88,3.01,3.75,4814,5.50,Actual,Pull Fade,5.0
86,2025-03-10 10:46:06,6 Iron,5600.00,82.77,112.52,178.28,194.51,16.23,1.36,19.30,82.68,38.88,-3.90,-9.81,-10.39,2.32,2.84,5191,3.70,Actual,Pull,5.0
87,2025-03-10 10:46:33,6 Iron,5600.00,83.89,114.75,184.21,200.66,16.46,1.37,19.00,84.38,38.70,-4.20,-10.21,-10.70,3.28,4.01,5043,5.00,Actual,Pull,5.0
88,2025-03-10 10:47:00,6 Iron,5600.00,76.73,102.68,162.13,181.91,19.77,1.34,20.20,68.41,35.08,-2.70,-7.97,-9.00,-0.33,-0.43,4097,-0.70,Actual,Pull,5.0
89,2025-03-10 10:47:22,6 Iron,5600.00,80.08,99.99,157.24,177.26,20.02,1.25,20.70,65.72,34.50,-2.60,-7.09,-7.98,0.0,0.00,3923,0.10,Actual,Pull,5.0
90,2025-03-10 10:47:45,6 Iron,5600.00,84.56,105.36,158.02,176.03,18.02,1.25,16.70,59.81,33.96,-1.30,0.97,1.84,4.56,5.83,5506,9.00,Actual,Fade,5.0
91,2025-03-10 10:48:09,6 Iron,5600.00,81.65,103.57,155.54,173.67,18.11,1.27,17.60,60.27,33.98,-3.50,-5.45,-5.39,4.06,5.22,5237,8.40,Actual,Pull Fade,5.0
92,2025-03-10 10:48:33,6 Iron,5600.00,83.89,112.52,178.15,195.3,17.15,1.34,18.30,76.94,37.16,-3.00,-9.94,-10.98,-0.61,-0.75,5070,-1.00,Actual,Pull,5.0
93,2025-03-10 10:48:52,6 Iron,5600.00,84.56,115.87,186.93,208.93,22.00,1.37,16.50,72.41,34.72,-5.70,-20.19,-22.83,-1.63,-2.10,4554,-2.60,Actual,Pull,5.0
94,2025-03-10 10:49:08,6 Iron,5600.00,82.77,114.08,182.08,203.35,21.27,1.38,16.90,72.01,35.15,-5.50,-21.57,-24.79,-4.13,-5.33,4788,-6.70,Actual,Pull Draw,5.0
96,2025-03-08 10:54:25,7 Iron,5600.00,77.85,93.95,140.69,157.56,16.86,1.21,21.50,62.57,36.13,-5.20,-17.5,-20.41,-4.78,-6.17,4681,-11.50,Actual,Pull Draw,4.0
97,2025-03-08 10:54:42,7 Iron,5600.00,78.29,101.56,155.21,170.88,15.67,1.3,21.70,76.84,39.95,-0.70,-5.44,-6.50,-3.53,-4.41,5408,-6.80,Actual,Draw,4.0
98,2025-03-08 10:55:21,7 Iron,5600.00,77.17,98.43,147.46,162.62,15.16,1.28,23.20,78.35,41.44,-1.00,-1.27,-1.20,1.31,1.64,5842,2.60,Actual,Straight,4.0
99,2025-03-08 10:55:43,7 Iron,5600.00,78.29,99.77,150.34,166.09,15.76,1.27,22.20,76.48,40.58,-3.30,-10.96,-12.46,-2.31,-2.91,5783,-4.50,Actual,Pull,4.0
100,2025-03-08 10:56:02,7 Iron,5600.00,77.85,100.66,156.35,172.79,16.45,1.29,21.30,72.41,37.72,-3.70,-17.26,-20.14,-7.2,-9.02,4738,-14.40,Actual,Pull Draw,4.0
101,2025-03-08 10:56:26,7 Iron,5600.00,79.41,98.65,146.8,163.05,16.25,1.24,21.80,72.54,39.66,-5.10,-13.88,-15.55,-0.83,-1.06,5911,-1.70,Actual,Pull,4.0
102,2025-03-08 10:56:58,7 Iron,5600.00,80.08,102.45,155.77,170.58,14.81,1.28,23.20,85.66,42.54,-5.80,-14.69,-15.94,1.05,1.30,5877,1.90,Actual,Pull,4.0
103,2025-03-08 10:57:37,7 Iron,5600.00,81.20,103.35,158.29,173.79,15.50,1.27,22.50,84.45,41.88,-1.30,-5.28,-6.04,-1.68,-2.09,5706,-3.00,Actual,Straight,4.0
104,2025-03-08 10:58:01,7 Iron,5600.00,80.08,100.66,151.8,167.22,15.42,1.26,21.10,73.2,39.31,-2.40,-9.79,-11.29,-3.43,-4.29,5726,-6.70,Actual,Pull Draw,4.0
105,2025-03-08 10:58:22,7 Iron,5600.00,81.20,101.11,155.68,172.76,17.08,1.25,22.50,78.51,39.79,-1.30,-6.24,-7.37,-2.71,-3.46,5099,-5.30,Actual,Draw,4.0
106,2025-03-08 10:58:56,5 Iron,5600.00,82.77,113.86,182.82,199.9,17.08,1.38,18.60,80.91,37.79,-4.40,-12.94,-14.00,1.09,1.35,4930,1.70,Actual,Pull,6.0
107,2025-03-08 10:59:19,5 Iron,5600.00,82.32,107.15,169.25,190.7,21.46,1.3,18.10,67.03,34.51,-3.10,-9.15,-10.31,0.0,0.00,4437,0.00,Actual,Pull,6.0
108,2025-03-08 10:59:41,5 Iron,5600.00,83.44,111.62,180.44,197.71,17.29,1.34,19.00,79.66,37.58,-5.60,-18.78,-20.73,-1.17,-1.44,4629,-1.90,Actual,Pull,6.0
109,2025-03-08 11:00:01,5 Iron,5600.00,81.20,107.6,170.29,192.49,22.20,1.33,17.60,62.27,31.88,-3.30,-13.46,-15.89,-3.66,-4.82,3986,-7.60,Actual,Pull Draw,6.0
110,2025-03-08 11:00:24,5 Iron,5600.00,81.65,112.07,176.48,193.56,17.08,1.37,18.40,76.97,37.35,-5.10,-13.2,-14.13,2.49,3.08,5158,4.10,Actual,Pull,6.0
111,2025-03-08 11:00:44,5 Iron,5600.00,82.77,107.15,164.02,186.12,22.10,1.29,15.70,54.3,30.00,-3.00,-8.49,-9.61,0.08,0.13,4304,0.20,Actual,Pull,6.0
112,2025-03-08 11:01:07,5 Iron,5600.00,81.65,103.12,159.36,180.12,20.76,1.26,18.00,58.6,31.80,-6.30,-16.7,-18.72,0.8,1.04,4084,1.80,Actual,Pull,6.0
113,2025-03-08 11:01:27,5 Iron,5600.00,86.12,117.44,188.05,204.07,16.02,1.36,18.30,85.83,39.12,-3.70,-7.74,-7.86,4.4,5.31,5256,6.40,Actual,Pull Fade,6.0
114,2025-03-08 11:01:50,5 Iron,5600.00,85.67,111.18,169.54,190.5,20.96,1.3,14.90,57.05,31.08,-3.70,-8.65,-9.31,2.29,2.99,4975,4.30,Actual,Pull,6.0
116,2025-03-08 11:02:22,5 Iron,5600.00,83.44,112.97,181.26,197.73,16.47,1.35,19.50,84.09,38.78,-3.70,-6.57,-6.50,5.13,6.27,4974,8.00,Actual,Pull Fade,6.0
117,2025-03-08 11:02:46,5 Iron,5600.00,81.65,111.4,175.73,195.05,19.31,1.36,16.40,65.35,33.58,-4.50,-10.83,-11.55,2.97,3.76,4676,5.20,Actual,Pull Fade,6.0
118,2025-03-08 11:03:14,5 Iron,5600.00,83.44,110.73,173.62,191.79,18.16,1.33,18.00,72.44,36.17,-3.10,-6.77,-7.08,2.62,3.30,5067,4.50,Actual,Pull,6.0
119,2025-03-08 11:03:40,5 Iron,5600.00,84.56,110.06,165.44,185.98,20.54,1.3,14.80,55.51,31.13,-5.10,-11.63,-12.51,3.09,4.04,5190,6.00,Actual,Pull Fade,6.0
120,2025-03-08 11:04:16,5 Iron,5600.00,82.77,110.95,177.52,196.61,19.08,1.34,17.80,72.05,35.57,-4.30,-15.94,-18.07,-2.65,-3.34,4595,-4.50,Actual,Pull,6.0
121,2025-03-08 11:04:43,5 Iron,5600.00,83.44,114.75,181.26,198.96,17.71,1.38,17.30,75.43,36.70,-2.90,-4.45,-4.21,4.72,5.86,5193,7.50,Actual,Pull Fade,6.0
122,2025-03-08 11:05:14,5 Iron,5600.00,83.89,110.06,171.12,187.25,16.13,1.31,18.60,76.28,38.19,-4.00,-5.49,-5.13,6.45,7.94,5494,10.80,Actual,Pull Fade,6.0
123,2025-03-08 11:05:42,5 Iron,5600.00,83.44,113.41,182.22,198.68,16.47,1.36,19.40,84.45,38.82,-2.50,-6.14,-6.45,1.82,2.21,4973,2.80,Actual,Pull,6.0
124,2025-03-08 11:06:09,5 Iron,5600.00,83.89,109.39,165.81,185.98,20.16,1.3,15.90,60.43,32.96,-5.80,-12.12,-12.76,4.66,6.05,5267,8.80,Actual,Pull Fade,6.0
125,2025-03-08 11:06:30,5 Iron,5600.00,83.89,114.98,185.32,202.45,17.13,1.37,18.20,80.58,37.56,-4.60,-11.73,-12.39,3.14,3.85,4902,4.80,Actual,Pull,6.0
126,2025-03-08 11:06:57,5 Iron,5600.00,84.56,115.43,183.23,201.07,17.83,1.37,17.90,80.15,38.01,-3.60,-6.17,-6.00,5.34,6.63,5257,8.20,Actual,Pull Fade,6.0
127,2025-03-08 11:07:20,5 Iron,5600.00,82.77,112.29,178.77,194.31,15.54,1.36,20.70,89.83,40.80,-5.20,-11.64,-12.06,4.58,5.57,5222,7.10,Actual,Pull Fade,6.0
128,2025-03-08 11:07:55,9 Iron,5600.00,77.17,97.31,142.27,155.6,13.33,1.26,24.60,83.04,43.84,-4.60,-12.62,-13.97,-1.21,-1.50,6884,-2.50,Actual,Pull,2.0
129,2025-03-08 11:08:12,9 Iron,5600.00,77.17,94.18,134.63,147.51,12.87,1.22,24.10,75.1,42.51,-1.10,-1.68,-1.73,0.9,1.10,7486,2.00,Actual,Straight,2.0
130,2025-03-08 11:08:32,9 Iron,5600.00,76.06,92.61,132.64,145.17,12.53,1.22,26.30,80.94,44.52,-3.00,-8.66,-9.71,-1.72,-2.12,6992,-3.90,Actual,Pull,2.0
131,2025-03-08 11:08:49,9 Iron,5600.00,78.29,93.95,135.31,148.73,13.42,1.2,24.80,77.62,43.22,-3.20,-10.19,-11.58,-2.65,-3.28,6976,-5.90,Actual,Pull Draw,2.0
132,2025-03-08 11:09:09,9 Iron,5600.00,76.06,94.18,135.72,148.3,12.59,1.24,24.70,77.17,42.84,-3.60,-11.26,-12.67,-2.76,-3.38,6776,-6.20,Actual,Pull Draw,2.0
133,2025-03-08 11:09:30,9 Iron,5600.00,77.17,96.19,139.91,152.73,12.83,1.25,25.60,84.88,44.59,-8.10,-25.2,-28.23,-5.56,-6.79,6938,-11.60,Actual,Pull Draw,2.0
134,2025-03-08 11:09:51,9 Iron,5600.00,77.17,94.85,136.34,149.56,13.21,1.23,23.60,74.48,42.15,-6.00,-17.76,-19.98,-3.53,-4.37,7343,-7.80,Actual,Pull Draw,2.0
135,2025-03-08 11:10:10,9 Iron,5600.00,76.73,97.31,142.98,156.17,13.18,1.27,24.40,80.91,42.82,-6.30,-19.51,-21.83,-3.85,-4.74,6276,-8.00,Actual,Pull Draw,2.0
136,2025-03-08 11:10:36,9 Iron,5600.00,76.73,91.94,134.42,147.98,13.56,1.2,25.40,75.49,42.08,-4.70,-17.67,-20.42,-6.7,-8.34,5658,-15.40,Actual,Pull Hook,2.0
137,2025-03-08 13:00:27,8 Iron,5600.00,74.49,91.71,126.36,139.85,13.50,1.23,21.90,62.76,39.86,-2.20,-3.0,-3.04,1.85,2.33,9040,4.70,Actual,Pull,3.0
138,2025-03-08 13:00:47,8 Iron,5600.00,75.61,93.95,135.26,150.24,14.98,1.24,23.00,69.82,40.78,-3.10,-7.57,-8.45,-0.25,-0.33,6639,-0.60,Actual,Pull,3.0
139,2025-03-08 13:01:05,8 Iron,5600.00,77.85,95.07,137.45,152.79,15.34,1.22,22.40,69.03,40.08,1.00,1.08,1.00,-1.31,-1.67,6424,-3.00,Actual,Straight,3.0
140,2025-03-08 13:01:22,8 Iron,5600.00,77.17,97.98,144.89,160.82,15.92,1.27,22.60,74.51,40.36,0.40,-2.18,-2.93,-3.18,-4.06,6001,-6.60,Actual,Draw,3.0
141,2025-03-08 13:01:39,8 Iron,5600.00,80.08,99.99,148.3,163.72,15.42,1.25,22.20,76.28,40.80,-2.80,-11.34,-13.15,-4.1,-5.16,6203,-8.20,Actual,Pull Draw,3.0
142,2025-03-08 13:01:56,8 Iron,5600.00,78.96,97.75,143.56,158.45,14.90,1.24,23.00,75.92,41.37,-3.80,-13.41,-15.40,-3.9,-4.91,6314,-8.20,Actual,Pull Draw,3.0
143,2025-03-08 13:02:14,8 Iron,5600.00,79.41,101.11,151.08,164.28,13.20,1.27,24.50,88.42,43.65,-2.40,-10.27,-11.67,-3.95,-4.80,6159,-7.40,Actual,Pull Draw,3.0
144,2025-03-08 13:02:34,8 Iron,5600.00,80.08,99.77,146.85,161.87,15.02,1.25,21.50,74.51,40.93,-0.40,-1.03,-1.13,0.0,0.00,6908,0.00,Actual,Straight,3.0
145,2025-03-08 13:02:53,8 Iron,5600.00,80.08,101.11,149.89,164.82,14.93,1.26,21.80,77.53,41.39,-2.40,-11.09,-12.88,-4.81,-5.99,6718,-9.40,Actual,Pull Draw,3.0
146,2025-03-08 13:03:10,8 Iron,5600.00,80.08,99.32,146.0,161.48,15.49,1.24,21.00,70.24,39.36,-3.60,-11.89,-13.58,-2.73,-3.44,6328,-5.70,Actual,Pull Draw,3.0
147,2025-03-08 13:03:26,8 Iron,5600.00,82.32,101.78,151.36,164.44,13.08,1.24,22.70,83.37,42.93,0.20,0.25,0.25,-0.26,-0.32,6869,-0.50,Actual,Straight,3.0
148,2025-03-08 13:03:42,8 Iron,5600.00,82.32,99.77,148.83,161.6,12.78,1.21,25.00,87.99,43.85,-2.10,-8.96,-10.17,-3.51,-4.25,6095,-6.70,Actual,Pull Draw,3.0
149,2025-03-08 13:04:14,6 Iron,5600.00,84.56,110.06,171.65,187.16,15.51,1.3,19.40,81.14,39.86,-4.70,-11.71,-12.46,2.36,2.89,5665,3.80,Actual,Pull,5.0
150,2025-03-08 13:04:35,6 Iron,5600.00,86.12,114.08,181.42,197.41,15.99,1.32,19.30,85.89,39.72,-3.90,-13.58,-14.94,-1.25,-1.51,5286,-1.90,Actual,Pull,5.0
151,2025-03-08 13:04:53,6 Iron,5600.00,85.67,116.54,185.63,201.52,15.89,1.36,18.80,88.16,40.14,-2.70,-5.85,-5.99,2.89,3.50,5420,4.20,Actual,Pull,5.0
152,2025-03-08 13:05:10,6 Iron,5600.00,85.67,118.11,190.82,206.39,15.56,1.38,19.00,90.65,40.04,-3.10,-10.82,-11.76,-0.49,-0.59,5170,-0.70,Actual,Pull,5.0
153,2025-03-08 13:05:28,6 Iron,5600.00,85.00,115.65,182.09,197.15,15.05,1.36,18.90,88.09,40.84,-2.20,-4.14,-4.14,2.84,3.42,5839,4.10,Actual,Pull,5.0
154,2025-03-08 13:05:47,6 Iron,5600.00,83.44,113.41,181.53,197.79,16.27,1.36,20.10,88.19,39.92,-3.00,-7.48,-7.88,2.02,2.47,5100,3.10,Actual,Pull,5.0
155,2025-03-08 13:06:05,6 Iron,5600.00,86.12,115.43,181.49,196.35,14.86,1.34,19.20,89.17,41.14,-3.90,-7.43,-7.44,4.92,5.93,5882,7.10,Actual,Pull Fade,5.0
156,2025-03-08 13:06:26,6 Iron,5600.00,86.12,111.62,174.29,190.15,15.85,1.3,18.60,79.43,38.92,-4.00,-9.1,-9.53,3.06,3.75,5581,4.90,Actual,Pull,5.0
157,2025-03-08 13:06:44,6 Iron,5600.00,83.89,107.6,165.23,181.23,16.01,1.28,18.30,71.26,37.40,-2.90,-2.61,-2.07,5.75,7.11,5633,10.10,Actual,Pull Fade,5.0
158,2025-03-08 13:07:04,6 Iron,5600.00,85.00,114.08,185.67,202.2,16.52,1.34,19.20,84.88,38.74,-3.60,-13.18,-14.55,-1.52,-1.85,4757,-2.30,Actual,Pull,5.0
159,2025-03-08 13:07:21,6 Iron,5600.00,82.77,99.77,154.29,178.13,23.83,1.21,19.40,55.97,30.21,-1.40,-9.55,-12.29,-5.79,-7.94,3282,-16.30,Actual,Hook,5.0
160,2025-03-08 13:07:38,6 Iron,5600.00,84.56,109.16,164.92,180.12,15.19,1.29,18.60,76.35,39.48,-3.40,-1.94,-1.06,7.85,9.62,6708,13.40,Actual,Pull Fade,5.0
161,2025-03-08 13:07:56,6 Iron,5600.00,88.36,117.66,186.32,201.31,14.99,1.33,20.30,99.48,43.18,-3.90,-9.57,-9.97,3.11,3.73,5902,4.20,Actual,Pull,5.0
162,2025-03-08 13:08:32,4 Iron,5600.00,89.48,126.39,210.77,228.53,17.75,1.41,16.40,89.24,37.92,-5.60,-16.39,-17.27,4.19,5.05,4698,5.30,Actual,Pull Fade,7.0
163,2025-03-08 13:08:50,4 Iron,5600.00,91.04,126.16,207.28,224.19,16.90,1.39,16.90,91.4,38.75,-1.70,2.12,3.29,8.28,9.94,5049,10.50,Actual,Fade,7.0
164,2025-03-08 13:09:10,4 Iron,5600.00,90.60,121.69,201.79,224.43,22.65,1.34,16.20,77.33,34.74,-6.80,-27.03,-30.57,-3.16,-4.02,4243,-4.70,Actual,Pull,7.0
165,2025-03-08 13:09:29,4 Iron,5600.00,87.69,119.9,195.69,212.87,17.18,1.37,17.60,85.04,37.91,-3.50,-2.97,-2.08,8.98,10.91,4904,12.60,Actual,Pull Fade,7.0
166,2025-03-08 13:09:48,4 Iron,5600.00,89.48,124.37,204.32,222.92,18.60,1.39,15.20,78.35,35.62,-3.80,-13.1,-14.24,0.44,0.54,4722,0.60,Actual,Pull,7.0
167,2025-03-08 13:10:08,4 Iron,5600.00,88.36,119.68,190.68,210.18,19.50,1.35,14.90,69.0,33.67,-4.80,-10.45,-10.71,5.51,6.90,4911,8.40,Actual,Pull Fade,7.0
168,2025-03-08 13:10:25,4 Iron,5600.00,91.27,116.54,191.31,208.52,17.21,1.28,18.60,85.6,38.28,-5.20,-12.18,-12.62,5.17,6.30,4627,7.60,Actual,Pull Fade,7.0
169,2025-03-08 13:10:42,4 Iron,5600.00,92.16,126.83,206.65,222.36,15.73,1.38,17.20,95.67,40.22,-3.30,1.56,3.18,13.46,15.98,5363,16.70,Actual,Pull Slice,7.0
170,2025-03-08 13:10:59,4 Iron,5600.00,92.16,130.41,218.54,237.69,19.14,1.42,15.30,88.91,37.33,-6.00,-21.45,-23.14,1.41,1.71,4674,1.70,Actual,Pull,7.0
171,2025-03-08 13:11:29,PW,5600.00,80.53,93.06,131.4,146.12,14.72,1.16,21.20,62.01,38.51,-6.20,-14.36,-15.99,-0.16,-0.21,7380,-0.40,Actual,Pull,1.0
172,2025-03-08 13:11:47,PW,5600.00,79.41,92.39,128.54,139.13,10.58,1.16,27.40,84.71,46.46,-1.20,-2.78,-3.02,-0.08,-0.10,9233,-0.20,Actual,Straight,1.0
173,2025-03-08 13:12:04,PW,5600.00,73.15,97.08,138.89,148.64,9.76,1.33,28.80,99.02,48.06,-4.70,-12.67,-13.70,-1.3,-1.53,8116,-2.60,Actual,Pull,1.0
174,2025-03-08 13:12:23,PW,5600.00,81.65,97.53,138.71,149.19,10.48,1.19,27.60,95.14,47.42,-3.50,-10.35,-11.34,-1.88,-2.23,8754,-3.80,Actual,Pull,1.0
181,2025-03-08 13:15:33,6 Iron,5600.00,85.67,113.19,176.91,192.27,15.35,1.32,19.10,84.71,40.27,-3.90,-6.3,-6.12,5.74,6.97,5832,8.70,Actual,Pull Fade,5.0
182,2025-03-08 13:15:51,6 Iron,5600.00,84.56,105.14,159.19,177.46,18.27,1.24,17.80,64.3,35.31,-2.70,-3.75,-3.55,3.75,4.81,5399,7.30,Actual,Pull Fade,5.0
183,2025-03-08 13:16:09,6 Iron,5600.00,83.89,115.2,183.65,200.7,17.05,1.37,17.80,78.58,37.28,-3.80,-10.56,-11.33,1.61,1.98,5085,2.50,Actual,Pull,5.0
184,2025-03-08 13:16:28,6 Iron,5600.00,85.67,118.33,193.94,209.19,15.24,1.38,20.60,100.07,41.82,-4.40,-13.92,-14.91,0.96,1.14,4996,1.30,Actual,Pull,5.0
185,2025-03-08 13:17:15,5 Iron,5600.00,85.67,120.12,194.5,210.95,16.44,1.4,18.10,88.71,39.11,-4.10,-13.19,-14.22,0.72,0.86,5125,1.00,Actual,Pull,6.0
186,2025-03-08 13:17:34,5 Iron,5600.00,88.81,119.68,190.12,206.92,16.81,1.35,16.60,80.64,37.73,-2.90,-3.72,-3.28,5.91,7.19,5407,8.50,Actual,Pull Fade,6.0
187,2025-03-08 13:18:16,9 Iron,5600.00,78.96,93.06,131.42,144.77,13.35,1.18,22.80,67.55,40.71,-1.10,0.08,0.47,2.6,3.26,7998,6.20,Actual,Fade,2.0
188,2025-03-08 13:18:34,9 Iron,5600.00,78.96,91.71,128.88,141.69,12.82,1.16,23.90,69.42,41.62,-2.80,-5.31,-5.70,0.98,1.22,8054,2.40,Actual,Pull,2.0
189,2025-03-08 13:18:51,9 Iron,5600.00,78.96,93.73,132.8,146.97,14.17,1.19,21.70,64.8,39.46,-3.20,-6.78,-7.40,0.63,0.81,7567,1.50,Actual,Pull,2.0
190,2025-03-08 13:19:07,9 Iron,5600.00,80.08,102.45,152.79,165.21,12.42,1.28,24.90,94.42,45.60,-3.10,-12.31,-13.80,-4.07,-4.88,6882,-7.30,Actual,Pull Draw,2.0
191,2025-03-08 13:19:27,9 Iron,5600.00,83.44,104.24,154.64,166.95,12.33,1.25,24.40,95.57,45.72,-2.60,-10.14,-11.31,-3.13,-3.74,7585,-5.40,Actual,Pull Draw,2.0
192,2025-03-08 13:19:47,9 Iron,5600.00,81.65,99.77,147.09,159.82,12.72,1.22,24.80,89.07,44.96,-2.70,-10.86,-12.28,-3.94,-4.77,7088,-7.50,Actual,Pull Draw,2.0
193,2025-03-08 13:20:20,9 Iron,5600.00,81.20,103.57,154.3,166.24,11.94,1.28,25.00,97.54,46.29,-5.50,-19.09,-21.06,-4.34,-5.16,7273,-7.50,Actual,Pull Draw,2.0
194,2025-03-08 13:20:37,9 Iron,5600.00,81.65,98.65,143.37,155.85,12.48,1.21,23.30,79.76,43.03,-4.80,-13.82,-15.27,-1.84,-2.23,7793,-3.70,Actual,Pull,2.0
195,2025-03-08 13:21:19,4 Iron,5600.00,87.69,121.24,195.36,214.04,18.68,1.38,16.40,80.09,36.65,-4.90,-9.59,-9.51,7.11,8.79,5063,10.10,Actual,Pull Fade,7.0
196,2025-03-08 13:21:43,4 Iron,5600.00,87.24,114.75,187.16,204.77,17.61,1.32,18.20,79.95,37.08,-2.70,-1.41,-0.55,7.4,9.10,4564,11.50,Actual,Pull Fade,7.0
197,2025-03-08 13:22:03,4 Iron,5600.00,86.79,113.41,177.53,195.14,17.61,1.31,17.50,74.7,36.85,-4.30,-3.05,-1.87,10.26,12.76,5340,16.70,Actual,Pull Slice,7.0
198,2025-03-08 13:22:22,4 Iron,5600.00,89.48,113.86,179.96,197.86,17.90,1.27,17.10,72.21,35.59,-3.60,-3.78,-3.06,7.52,9.36,5029,12.30,Actual,Pull Fade,7.0
199,2025-03-08 13:22:42,4 Iron,5600.00,89.92,127.28,208.43,225.3,16.85,1.42,16.50,90.88,38.65,-4.70,-7.08,-6.45,10.02,12.02,5137,12.60,Actual,Pull Fade,7.0
200,2025-03-08 13:23:00,4 Iron,5600.00,92.61,123.03,203.75,222.08,18.32,1.33,16.70,85.2,37.36,-4.40,-7.97,-7.70,7.67,9.35,4675,10.30,Actual,Pull Fade,7.0
201,2025-03-08 13:23:40,8 Iron,5600.00,82.32,98.87,145.09,159.3,14.21,1.2,22.40,77.1,42.06,-2.50,-3.43,-3.37,2.89,3.59,7167,5.80,Actual,Pull Fade,3.0
202,2025-03-08 13:23:58,8 Iron,5600.00,83.44,107.82,163.55,176.13,12.58,1.29,22.90,95.54,44.67,-3.70,-13.48,-14.84,-2.93,-3.49,6754,-4.80,Actual,Pull,3.0
203,2025-03-08 13:24:22,8 Iron,5600.00,82.32,104.46,156.89,168.9,12.00,1.27,22.90,89.76,44.19,-3.10,-7.34,-7.78,1.15,1.37,6995,2.00,Actual,Pull,3.0
204,2025-03-08 13:24:41,8 Iron,5600.00,82.77,98.2,140.5,155.56,15.06,1.19,19.90,64.5,38.28,-2.90,-2.31,-1.80,4.8,6.07,7861,10.50,Actual,Pull Fade,3.0
205,2025-03-08 13:24:59,8 Iron,5600.00,81.65,103.79,155.29,168.38,13.09,1.27,23.30,90.49,44.53,-2.30,-5.95,-6.41,0.28,0.34,7094,0.50,Actual,Pull,3.0
206,2025-03-08 13:25:19,8 Iron,5600.00,83.89,104.24,155.72,167.96,12.25,1.24,24.10,94.78,45.62,-2.20,-4.23,-4.36,1.75,2.09,7333,3.00,Actual,Pull,3.0
207,2025-03-08 13:25:40,8 Iron,5600.00,83.89,106.93,161.49,173.47,11.98,1.27,24.40,101.8,46.48,-1.40,-5.61,-6.21,-1.67,-1.97,7019,-2.70,Actual,Straight,3.0
208,2025-03-08 13:26:01,8 Iron,5600.00,83.44,101.56,151.39,164.04,12.66,1.22,23.70,86.58,43.73,-3.30,-11.75,-13.09,-3.03,-3.66,6585,-5.70,Actual,Pull Draw,3.0
209,2025-03-08 13:26:31,6 Iron,5600.00,87.69,119.23,189.36,204.95,15.59,1.36,19.40,97.44,42.47,-4.80,-14.04,-14.98,1.8,2.18,5871,2.40,Actual,Pull,5.0
210,2025-03-08 13:26:50,6 Iron,5600.00,87.24,116.32,180.71,194.84,14.13,1.33,19.50,92.81,42.26,-3.80,-6.28,-6.10,5.71,6.81,6326,8.20,Actual,Pull Fade,5.0
211,2025-03-08 13:27:10,6 Iron,5600.00,86.79,117.89,188.47,204.22,15.75,1.36,19.80,97.15,42.40,-3.70,-8.79,-9.12,3.37,4.07,5601,4.60,Actual,Pull,5.0
212,2025-03-08 13:27:29,6 Iron,5600.00,88.36,117.44,185.66,202.88,17.21,1.33,17.60,84.09,39.60,-4.20,-13.04,-14.17,0.56,0.69,5737,0.80,Actual,Pull,5.0
213,2025-03-08 13:27:46,6 Iron,5600.00,86.12,110.06,163.64,183.33,19.70,1.28,14.50,55.64,31.85,-4.10,-3.16,-2.02,8.55,11.09,5790,16.00,Actual,Pull Slice,5.0
214,2025-03-08 13:28:06,6 Iron,5600.00,87.69,116.77,182.36,197.59,15.23,1.33,20.30,97.54,42.90,-2.20,-2.87,-2.58,4.13,5.00,6139,5.80,Actual,Pull Fade,5.0
215,2025-03-08 13:28:26,6 Iron,5600.00,85.00,114.53,176.97,191.87,14.91,1.35,19.40,89.21,41.80,-3.60,-4.56,-4.12,6.56,7.93,6398,9.80,Actual,Pull Fade,5.0
217,2025-03-09 10:05:01,7 Iron,5600.00,73.82,94.85,139.17,155.28,16.11,1.28,21.10,63.02,36.96,-2.00,-6.46,-7.48,-1.61,-2.07,5368,-3.80,Actual,Straight,4.0
218,2025-03-09 10:05:17,7 Iron,5600.00,77.85,89.03,123.46,140.79,17.34,1.14,20.10,50.75,34.24,-1.90,-5.77,-6.93,-1.68,-2.27,5874,-4.80,Actual,Straight,4.0
219,2025-03-09 10:05:33,7 Iron,5600.00,80.53,102.0,151.2,168.24,17.04,1.27,19.70,68.73,38.16,-2.70,-6.57,-7.22,0.56,0.70,6188,1.10,Actual,Pull,4.0
220,2025-03-09 10:05:50,7 Iron,5600.00,80.08,95.96,137.13,154.32,17.18,1.2,18.60,54.79,34.18,-4.40,-11.92,-13.68,-1.41,-1.85,5960,-3.40,Actual,Pull,4.0
221,2025-03-09 10:06:23,7 Iron,5600.00,81.65,102.23,151.44,166.35,14.91,1.25,20.00,70.67,38.74,-3.10,-8.04,-8.80,0.14,0.19,6291,0.30,Actual,Pull,4.0
222,2025-03-09 10:06:41,7 Iron,5600.00,80.08,100.21,151.53,168.64,17.09,1.25,20.10,65.81,36.08,-4.50,-18.81,-22.06,-6.94,-8.87,5074,-14.80,Actual,Pull Draw,4.0
223,2025-03-09 10:06:59,7 Iron,5600.00,81.20,106.25,162.48,177.48,15.00,1.31,20.70,80.61,40.43,-4.50,-15.92,-17.83,-3.18,-3.92,5936,-5.50,Actual,Pull Draw,4.0
224,2025-03-09 10:07:16,7 Iron,5600.00,82.32,93.73,134.61,150.84,16.23,1.14,20.10,57.68,35.68,-3.90,-12.1,-14.06,-2.94,-3.82,5816,-7.20,Actual,Pull Draw,4.0
225,2025-03-09 10:07:34,7 Iron,5600.00,79.41,104.46,157.67,172.93,15.27,1.32,20.70,77.3,39.86,-4.10,-13.24,-14.81,-1.98,-2.45,6043,-3.60,Actual,Pull,4.0
226,2025-03-09 10:07:51,7 Iron,5600.00,80.53,102.0,154.72,170.63,15.90,1.27,20.60,73.26,38.97,-3.80,-13.07,-14.83,-2.82,-3.53,5632,-5.40,Actual,Pull Draw,4.0
227,2025-03-09 10:08:24,7 Iron,5600.00,81.20,103.79,155.24,169.81,14.57,1.28,20.50,75.89,40.24,-2.20,-6.59,-7.31,-0.65,-0.79,6422,-1.20,Actual,Pull,4.0
228,2025-03-09 10:08:43,7 Iron,5600.00,80.53,96.86,143.46,159.48,16.03,1.2,20.70,64.8,37.21,-4.70,-12.64,-14.21,-0.9,-1.14,5431,-2.00,Actual,Pull,4.0
229,2025-03-09 10:09:04,7 Iron,5600.00,81.20,103.35,152.65,170.56,17.91,1.27,18.70,66.5,37.15,-3.70,-10.05,-11.26,-0.21,-0.25,6261,-0.40,Actual,Pull,4.0
230,2025-03-09 10:09:22,7 Iron,5600.00,80.53,102.68,152.03,167.15,15.11,1.28,19.80,71.29,39.17,-3.30,-6.8,-7.21,1.95,2.42,6663,3.80,Actual,Pull,4.0
231,2025-03-09 10:09:40,7 Iron,5600.00,80.08,101.56,150.83,165.76,14.93,1.27,20.80,72.97,39.53,-1.90,-4.9,-5.37,0.11,0.11,6224,0.20,Actual,Straight,4.0
232,2025-03-09 10:09:59,7 Iron,5600.00,81.20,95.29,139.57,158.43,18.86,1.17,19.60,56.56,33.88,-3.30,-10.56,-12.50,-2.54,-3.39,5003,-6.30,Actual,Pull Draw,4.0
233,2025-03-09 10:10:16,7 Iron,5600.00,84.56,110.73,169.55,183.78,14.23,1.31,21.70,94.65,43.77,-3.10,-9.81,-10.71,-0.63,-0.77,6521,-1.00,Actual,Pull,4.0
234,2025-03-09 10:10:34,7 Iron,5600.00,83.89,102.45,156.23,172.29,16.05,1.22,20.70,73.79,38.73,-3.70,-10.08,-11.12,0.0,0.00,5398,0.00,Actual,Pull,4.0
235,2025-03-09 10:10:52,7 Iron,5600.00,87.69,111.85,179.67,196.02,16.35,1.28,22.20,96.62,42.11,-3.40,-10.65,-11.63,0.0,0.00,5054,0.00,Actual,Pull,4.0
236,2025-03-09 10:11:07,7 Iron,5600.00,84.56,93.28,136.49,159.57,23.08,1.1,19.20,47.54,28.80,-6.60,-22.91,-28.51,-7.29,-10.28,3512,-24.40,Actual,Pull Hook,4.0
237,2025-03-09 10:11:25,7 Iron,5600.00,85.00,109.83,167.61,181.92,14.32,1.29,20.70,88.75,42.84,-1.50,-5.83,-6.51,-1.43,-1.74,6803,-2.30,Actual,Straight,4.0
238,2025-03-09 10:12:01,4 Iron,5600.00,88.81,111.85,172.67,193.38,20.71,1.26,15.20,59.55,31.71,-5.00,-10.99,-11.59,4.08,5.28,4880,7.40,Actual,Pull Fade,7.0
239,2025-03-09 10:12:20,4 Iron,5600.00,88.36,116.1,181.98,199.66,17.68,1.31,16.60,75.33,36.96,-4.10,-6.91,-6.73,6.1,7.56,5492,9.40,Actual,Pull Fade,7.0
240,2025-03-09 10:12:38,4 Iron,5600.00,91.71,121.02,198.46,217.78,19.31,1.32,16.20,79.0,36.04,-3.40,-8.67,-9.09,3.09,3.84,4648,4.40,Actual,Pull,7.0
241,2025-03-09 10:12:56,4 Iron,5600.00,89.48,124.6,205.31,224.62,19.30,1.39,15.70,81.73,36.34,-3.40,-7.24,-7.24,4.94,6.09,4732,6.60,Actual,Pull Fade,7.0
242,2025-03-09 10:13:29,4 Iron,5600.00,89.92,110.73,174.37,197.59,23.23,1.23,16.00,58.33,29.98,-5.40,-16.9,-19.24,-0.49,-0.65,3970,-1.00,Actual,Pull,7.0
243,2025-03-09 10:13:56,4 Iron,5600.00,89.92,113.64,180.26,202.29,22.03,1.26,15.60,61.65,31.20,-4.20,-13.85,-15.65,-0.65,-0.84,4193,-1.20,Actual,Pull,7.0
244,2025-03-09 10:14:14,4 Iron,5600.00,89.48,117.44,176.67,192.18,15.51,1.31,15.50,72.97,37.61,-3.40,-27.3,-31.84,-16.9,-20.54,7885,-25.80,Actual,Pull Hook,7.0
245,2025-03-09 10:14:34,4 Iron,5600.00,87.69,117.66,188.7,207.43,18.72,1.34,15.90,71.98,34.81,-4.30,-13.82,-15.15,0.32,0.39,4843,0.50,Actual,Pull,7.0
246,2025-03-09 10:15:19,9 Iron,5600.00,78.96,94.85,135.12,149.65,14.53,1.2,22.60,70.11,40.95,-4.00,-9.95,-11.11,-0.52,-0.67,7775,-1.20,Actual,Pull,2.0
247,2025-03-09 10:15:35,9 Iron,5600.00,81.65,93.73,136.79,150.21,13.42,1.15,25.40,78.35,42.51,-2.40,-9.84,-11.40,-4.11,-5.11,5955,-9.10,Actual,Pull Draw,2.0
248,2025-03-09 10:15:57,9 Iron,5600.00,80.53,93.5,131.99,146.73,14.74,1.16,22.20,66.01,40.04,-1.90,-6.39,-7.44,-2.01,-2.57,8021,-4.80,Actual,Straight,2.0
249,2025-03-09 10:16:13,9 Iron,5600.00,79.41,91.71,127.64,141.12,13.48,1.15,24.00,69.65,41.86,0.50,1.76,2.05,0.65,0.81,8602,1.60,Actual,Straight,2.0
250,2025-03-09 10:16:41,9 Iron,5600.00,80.53,99.77,146.08,158.28,12.19,1.24,25.00,89.3,45.24,-1.00,-4.49,-5.11,-1.95,-2.35,7577,-3.70,Actual,Straight,2.0
251,2025-03-09 10:17:11,9 Iron,5600.00,83.44,102.68,151.1,163.12,12.02,1.23,24.50,92.42,45.49,-2.40,-7.66,-8.42,-1.32,-1.59,8106,-2.40,Actual,Pull,2.0
252,2025-03-09 10:17:55,9 Iron,5600.00,78.96,95.29,137.53,150.36,12.83,1.21,23.80,76.21,42.60,-4.50,-13.42,-15.02,-2.64,-3.24,7300,-5.70,Actual,Pull Draw,2.0
253,2025-03-09 10:18:29,9 Iron,5600.00,82.32,98.65,143.44,155.45,12.01,1.2,25.90,90.81,45.77,-2.30,-7.1,-7.85,-1.33,-1.62,7628,-2.60,Actual,Pull,2.0
254,2025-03-09 10:18:48,9 Iron,5600.00,80.53,92.61,129.4,142.76,13.36,1.15,24.00,71.29,42.17,-0.10,0.85,1.10,1.08,1.36,8641,2.60,Actual,Straight,2.0
255,2025-03-09 10:19:09,9 Iron,5600.00,82.77,101.11,148.51,160.07,11.56,1.22,24.00,87.53,44.52,-2.70,-8.22,-9.00,-1.24,-1.47,7683,-2.30,Actual,Pull,2.0
256,2025-03-09 10:19:27,9 Iron,5600.00,82.32,99.99,145.88,158.98,13.10,1.21,23.50,82.97,43.63,-3.40,-9.78,-10.80,-1.13,-1.38,7982,-2.20,Actual,Pull,2.0
257,2025-03-09 10:19:43,9 Iron,5600.00,82.77,87.69,122.52,135.07,12.55,1.06,25.80,68.86,41.97,-3.00,-7.68,-8.65,-1.26,-1.59,6441,-3.40,Actual,Pull,2.0
258,2025-03-09 10:20:01,9 Iron,5600.00,85.00,103.35,152.5,165.21,12.71,1.22,23.30,88.39,44.39,-2.00,-5.54,-6.04,-0.22,-0.26,8078,-0.40,Actual,Straight,2.0
259,2025-03-09 10:20:38,5 Iron,5600.00,86.79,115.65,184.89,200.72,15.84,1.33,19.00,86.45,39.45,-4.90,-10.18,-10.35,5.62,6.81,5226,8.40,Actual,Pull Fade,6.0
260,2025-03-09 10:20:56,5 Iron,5600.00,89.48,115.2,182.71,198.68,15.97,1.29,20.10,93.47,41.91,-0.80,7.41,9.33,9.96,12.10,5648,14.30,Actual,Fade,6.0
261,2025-03-09 10:21:14,5 Iron,5600.00,89.48,118.56,184.73,199.29,14.56,1.33,18.10,88.55,40.70,-1.80,2.21,3.32,8.02,9.58,6212,11.30,Actual,Fade,6.0
262,2025-03-09 10:21:33,5 Iron,5600.00,88.81,116.1,183.79,199.56,15.77,1.31,18.20,84.28,39.39,-3.00,-1.76,-0.94,7.85,9.50,5520,11.60,Actual,Pull Fade,6.0
263,2025-03-09 10:21:53,5 Iron,5600.00,87.24,114.75,180.03,196.31,16.28,1.32,17.50,78.25,38.03,-2.50,0.45,1.57,8.3,10.14,5550,12.80,Actual,Pull Fade,6.0
264,2025-03-09 10:22:13,5 Iron,5600.00,88.36,115.87,185.03,201.5,16.47,1.31,18.20,82.12,38.25,-0.90,1.52,2.23,4.43,5.39,5168,6.70,Actual,Fade,6.0
265,2025-03-09 10:22:35,5 Iron,5600.00,89.48,120.35,192.31,209.04,16.72,1.35,16.50,80.48,37.48,-3.60,-7.81,-7.95,4.27,5.18,5288,6.10,Actual,Pull Fade,6.0
266,2025-03-09 10:22:57,5 Iron,5600.00,89.92,119.0,189.95,207.86,17.91,1.32,16.80,79.56,37.12,-3.80,-11.98,-13.02,0.61,0.75,5193,0.90,Actual,Pull,6.0
267,2025-03-09 10:23:21,5 Iron,5600.00,91.04,122.58,194.25,213.52,19.27,1.35,14.40,70.7,34.13,-4.40,-12.18,-12.99,2.72,3.40,5144,4.00,Actual,Pull,6.0
268,2025-03-09 10:23:39,5 Iron,5600.00,92.83,119.23,177.78,200.23,22.45,1.28,11.50,50.2,28.29,-1.40,3.71,5.65,8.05,10.54,5342,14.20,Actual,Fade,6.0
269,2025-03-09 10:24:06,4 Iron,5600.00,91.71,121.69,195.69,214.1,18.42,1.33,16.30,80.58,36.92,-2.20,-2.05,-1.49,5.46,6.74,5141,7.70,Actual,Pull Fade,7.0
270,2025-03-09 10:24:22,4 Iron,5600.00,91.04,112.29,176.6,193.67,17.07,1.23,18.10,75.26,36.89,-1.60,4.67,6.47,9.6,11.88,5174,15.90,Actual,Slice,7.0
271,2025-03-09 10:24:40,4 Iron,5600.00,90.60,117.66,190.88,208.6,17.72,1.3,17.60,81.46,37.21,-3.60,-4.58,-4.00,7.41,9.10,4851,10.90,Actual,Pull Fade,7.0
272,2025-03-09 10:24:59,4 Iron,5600.00,92.83,112.07,177.1,196.37,19.26,1.21,16.60,67.22,33.98,-2.50,-1.43,-0.61,6.29,7.95,4733,10.80,Actual,Pull Fade,7.0
273,2025-03-09 10:25:24,4 Iron,5600.00,91.04,123.7,201.61,220.69,19.08,1.36,15.90,81.07,36.39,-3.30,-2.93,-2.01,8.67,10.70,4928,11.80,Actual,Pull Fade,7.0
274,2025-03-09 10:25:41,4 Iron,5600.00,91.71,124.82,199.69,217.95,18.25,1.36,15.30,80.97,37.13,-1.10,5.47,7.22,9.3,11.40,5402,12.50,Actual,Fade,7.0
275,2025-03-09 10:25:59,4 Iron,5600.00,92.83,128.85,215.55,235.5,19.95,1.39,14.80,80.97,35.02,-2.10,-4.09,-3.96,3.82,4.67,4382,5.00,Actual,Pull,7.0
276,2025-03-09 10:26:18,4 Iron,5600.00,91.71,128.62,213.21,232.79,19.58,1.4,14.30,78.9,34.95,-4.30,-11.99,-12.55,4.01,4.91,4578,5.20,Actual,Pull Fade,7.0
277,2025-03-09 10:26:49,8 Iron,5600.00,83.44,97.75,143.39,156.8,13.41,1.17,24.00,80.41,42.70,-1.40,-1.04,-0.80,2.46,3.03,6435,5.10,Actual,Fade,3.0
278,2025-03-09 10:27:06,8 Iron,5600.00,86.79,104.46,154.8,167.05,12.25,1.2,23.20,90.35,44.46,0.10,3.36,3.98,3.08,3.69,7746,5.40,Actual,Fade,3.0
279,2025-03-09 10:27:25,8 Iron,5600.00,83.89,105.81,159.88,172.64,12.76,1.26,22.70,90.52,43.94,-1.60,-4.53,-4.89,0.0,0.00,6701,-0.10,Actual,Straight,3.0
280,2025-03-09 10:27:58,8 Iron,5600.00,82.77,107.15,163.79,177.53,13.74,1.29,22.70,91.77,43.34,-1.90,-7.31,-8.15,-1.87,-2.26,6143,-3.10,Actual,Straight,3.0
281,2025-03-09 10:28:18,8 Iron,5600.00,82.77,93.5,137.92,154.29,16.37,1.13,21.70,62.34,36.51,-5.60,-15.97,-18.30,-2.53,-3.26,5018,-6.20,Actual,Pull Draw,3.0
282,2025-03-09 10:28:35,8 Iron,5600.00,83.89,107.37,163.05,175.67,12.61,1.28,22.70,93.47,44.34,-3.60,-11.26,-12.25,-1.03,-1.22,6670,-1.70,Actual,Pull,3.0
283,2025-03-09 10:28:54,8 Iron,5600.00,83.44,100.66,147.71,162.97,15.26,1.21,19.90,68.44,38.67,-3.90,-7.91,-8.40,2.14,2.69,6691,4.40,Actual,Pull,3.0
284,2025-03-09 10:29:26,8 Iron,5600.00,83.89,107.82,163.77,177.94,14.17,1.29,21.60,88.98,43.15,-3.60,-14.67,-16.49,-4.4,-5.33,6701,-7.30,Actual,Pull Draw,3.0
285,2025-03-09 10:29:57,7 Iron,5600.00,87.69,112.52,173.28,187.2,13.92,1.28,21.50,97.05,44.08,-4.40,-12.11,-12.94,1.19,1.43,6516,1.80,Actual,Pull,4.0
286,2025-03-09 10:30:16,7 Iron,5600.00,85.00,112.07,174.09,190.09,16.00,1.32,20.20,88.45,41.43,-4.30,-13.9,-15.29,-0.85,-1.04,5965,-1.30,Actual,Pull,4.0
287,2025-03-09 10:30:35,7 Iron,5600.00,86.12,112.07,172.3,185.9,13.60,1.3,21.90,98.46,44.54,-2.30,-3.81,-3.74,3.11,3.72,6603,4.70,Actual,Pull,4.0
288,2025-03-09 10:31:26,7 Iron,5600.00,86.12,109.61,167.36,181.01,13.66,1.27,22.20,95.34,44.31,-2.90,-7.02,-7.41,1.45,1.74,6660,2.30,Actual,Pull,4.0
289,2025-03-09 10:31:44,7 Iron,5600.00,85.00,104.91,162.28,177.84,15.56,1.23,22.20,85.79,41.85,-2.50,-5.81,-6.19,1.27,1.56,5549,2.20,Actual,Pull,4.0
290,2025-03-09 10:32:03,7 Iron,5600.00,85.00,112.07,172.85,187.78,14.94,1.32,21.00,92.72,42.74,-2.60,-7.12,-7.64,0.71,0.87,6228,1.10,Actual,Pull,4.0
291,2025-03-09 10:32:21,7 Iron,5600.00,86.12,109.16,166.03,180.1,14.06,1.27,21.20,90.49,43.39,-1.60,-1.77,-1.56,2.87,3.46,6955,4.60,Actual,Straight,4.0
292,2025-03-09 13:05:24,6 Iron,5600.00,75.61,97.31,141.77,160.14,18.36,1.29,18.30,54.27,32.95,-1.10,1.18,2.07,3.9,5.14,5177,9.50,Actual,Fade,5.0
293,2025-03-09 13:05:39,6 Iron,5600.00,80.53,97.08,137.57,154.88,17.31,1.21,18.00,53.81,33.87,-1.90,0.09,0.96,4.65,6.10,6216,11.30,Actual,Fade,5.0
294,2025-03-09 13:05:55,6 Iron,5600.00,82.32,99.77,150.86,168.44,17.57,1.21,20.40,66.9,36.83,-2.30,-2.94,-2.76,3.12,4.01,5145,6.60,Actual,Pull Fade,5.0
295,2025-03-09 13:06:12,6 Iron,5600.00,78.96,102.9,156.91,173.25,16.34,1.3,20.40,72.97,38.33,1.90,9.86,11.59,4.67,5.86,5391,9.00,Actual,Fade,5.0
296,2025-03-09 13:06:29,6 Iron,5600.00,81.20,107.15,166.1,184.8,18.70,1.32,18.10,67.45,35.24,-2.90,-9.8,-11.13,-1.4,-1.79,5002,-2.60,Actual,Pull,5.0
297,2025-03-09 13:06:47,6 Iron,5600.00,82.32,104.91,160.58,176.2,15.62,1.27,19.60,73.33,38.44,-0.30,2.79,3.57,3.62,4.48,5598,6.60,Actual,Fade,5.0
298,2025-03-09 13:07:04,6 Iron,5600.00,81.20,94.62,136.69,157.48,20.79,1.17,17.60,47.9,30.50,-3.60,-8.21,-9.38,0.37,0.50,4631,1.00,Actual,Pull,5.0
299,2025-03-09 13:07:20,6 Iron,5600.00,79.41,96.86,148.75,167.75,19.00,1.22,21.10,63.16,34.52,-0.10,1.25,1.67,1.5,1.96,4035,3.70,Actual,Straight,5.0
300,2025-03-09 13:07:38,6 Iron,5600.00,84.56,108.94,169.78,186.21,16.43,1.29,19.10,76.05,37.89,-1.10,0.09,0.58,3.36,4.16,5270,5.80,Actual,Fade,5.0
301,2025-03-09 13:07:56,6 Iron,5600.00,82.32,91.27,129.16,151.5,22.35,1.11,18.10,42.91,28.09,-2.00,-5.76,-7.08,-1.26,-1.79,3871,-4.30,Actual,Straight,5.0
302,2025-03-09 13:08:25,6 Iron,5600.00,88.81,117.66,186.42,201.75,15.33,1.32,18.10,87.3,40.34,-3.80,-10.79,-11.48,1.56,1.88,5746,2.20,Actual,Pull,5.0
303,2025-03-09 13:08:42,6 Iron,5600.00,80.08,102.0,151.66,170.16,18.49,1.27,17.50,57.55,33.26,-2.30,-3.32,-3.25,2.76,3.59,5214,6.00,Actual,Pull Fade,5.0
304,2025-03-09 13:08:58,6 Iron,5600.00,79.41,94.18,136.59,161.06,24.46,1.19,18.90,45.57,27.55,-2.50,-9.39,-11.95,-3.44,-4.94,2960,-12.90,Actual,Pull Draw,5.0
305,2025-03-09 13:09:15,6 Iron,5600.00,83.44,110.73,171.96,188.72,16.75,1.33,17.70,72.31,36.80,-3.40,-8.79,-9.45,1.41,1.75,5371,2.40,Actual,Pull,5.0
306,2025-03-09 13:09:30,6 Iron,5600.00,84.56,108.49,163.58,178.63,15.05,1.28,18.40,73.49,38.61,-1.30,2.85,4.00,6.56,8.05,6397,11.50,Actual,Fade,5.0
307,2025-03-09 13:10:02,4 Iron,5600.00,89.48,120.57,190.45,208.41,17.96,1.35,15.40,74.9,36.01,-3.20,-5.58,-5.41,5.05,6.22,5374,7.40,Actual,Pull Fade,7.0
308,2025-03-09 13:10:19,4 Iron,5600.00,90.60,119.45,188.64,204.68,16.03,1.32,16.90,83.01,38.76,-2.90,0.51,1.79,10.05,12.15,5750,14.10,Actual,Pull Fade,7.0
309,2025-03-09 13:10:35,4 Iron,5600.00,91.04,118.33,175.09,196.56,21.47,1.3,11.30,49.64,28.78,-2.50,1.55,3.40,9.19,11.98,5784,15.90,Actual,Pull Slice,7.0
310,2025-03-09 13:10:52,4 Iron,5600.00,93.95,111.85,174.42,194.77,20.35,1.19,16.80,67.49,34.55,-3.80,-3.44,-2.44,8.13,10.47,5064,14.10,Actual,Pull Fade,7.0
311,2025-03-09 13:11:11,4 Iron,5600.00,93.95,124.82,200.37,216.12,15.75,1.33,16.20,87.7,39.26,-2.20,3.28,4.80,10.97,13.09,5617,14.10,Actual,Pull Fade,7.0
312,2025-03-09 13:11:29,4 Iron,5600.00,93.95,125.94,210.18,229.45,19.26,1.34,16.00,85.47,36.87,-3.40,-8.18,-8.36,4.3,5.25,4551,5.60,Actual,Pull Fade,7.0
313,2025-03-09 13:11:48,4 Iron,5600.00,91.04,122.36,198.14,219.61,21.47,1.34,14.30,69.03,32.88,-4.10,-9.21,-9.43,4.97,6.28,4536,7.40,Actual,Pull Fade,7.0
314,2025-03-09 13:12:05,4 Iron,5600.00,91.04,113.41,181.22,202.3,21.07,1.25,16.70,69.98,34.72,-1.40,-1.21,-0.81,3.22,4.13,4682,5.30,Actual,Fade,7.0
315,2025-03-09 13:12:24,4 Iron,5600.00,92.83,122.81,187.78,209.98,22.21,1.32,11.90,56.14,29.63,-2.50,-0.26,1.08,7.93,10.25,5198,12.80,Actual,Pull Fade,7.0
316,2025-03-09 13:12:43,4 Iron,5600.00,92.16,114.53,185.39,208.56,23.16,1.24,16.90,70.28,33.70,-4.60,-14.17,-15.82,0.7,0.91,4217,1.20,Actual,Pull,7.0
317,2025-03-09 13:13:08,4 Iron,5600.00,91.04,116.32,182.22,200.85,18.64,1.28,16.20,72.7,35.91,-3.70,-6.55,-6.44,5.22,6.53,5350,8.20,Actual,Pull Fade,7.0
318,2025-03-09 13:13:26,4 Iron,5600.00,92.83,109.39,172.28,197.48,25.21,1.18,16.30,54.27,27.82,-3.60,-9.02,-9.97,1.79,2.43,3372,4.30,Actual,Pull,7.0
319,2025-03-09 13:13:42,4 Iron,5600.00,87.69,119.23,190.39,211.95,21.57,1.36,14.30,64.5,31.85,-1.00,-0.77,-0.44,2.56,3.27,4518,4.10,Actual,Straight,7.0
320,2025-03-09 13:13:58,4 Iron,5600.00,88.36,115.65,186.24,206.09,19.85,1.31,16.20,69.55,33.80,0.00,3.59,4.51,3.59,4.51,4438,5.90,Actual,Fade,7.0
321,2025-03-09 13:14:13,4 Iron,5600.00,88.36,114.53,145.57,178.84,33.27,1.3,8.20,22.77,15.20,-2.30,-0.95,0.49,4.89,7.68,3850,16.50,Actual,Pull Slice,7.0
322,2025-03-09 13:14:29,4 Iron,5600.00,89.48,111.85,181.33,204.33,23.00,1.25,18.00,71.23,34.10,-3.80,-8.31,-8.69,3.71,4.86,4089,6.70,Actual,Pull Fade,7.0
323,2025-03-09 13:14:46,4 Iron,5600.00,90.60,120.12,197.89,217.08,19.19,1.33,16.80,80.35,36.31,-1.90,2.5,4.01,9.07,11.21,4530,13.10,Actual,Fade,7.0
324,2025-03-09 13:15:03,4 Iron,5600.00,93.95,120.79,197.15,216.27,19.13,1.29,16.30,78.97,36.14,-1.50,3.14,4.63,8.3,10.28,4769,11.80,Actual,Fade,7.0
325,2025-03-09 13:15:20,4 Iron,5600.00,94.40,129.52,209.71,228.29,18.58,1.37,14.70,84.09,37.09,-1.70,1.74,2.93,7.96,9.70,5278,10.00,Actual,Fade,7.0
326,2025-03-09 13:15:39,4 Iron,5600.00,91.71,125.27,203.23,218.39,15.17,1.37,18.50,102.1,42.08,-1.30,9.2,11.38,13.8,16.33,5532,17.00,Actual,Slice,7.0
327,2025-03-09 13:15:57,4 Iron,5600.00,93.28,129.74,215.19,233.37,18.18,1.39,15.60,89.4,37.89,-2.20,-1.25,-0.47,7.02,8.49,4940,8.50,Actual,Pull Fade,7.0
